Workbook

Sheet wiki
A1: Comuna | B1: numero Comuna | C1: Provincia | D1: Región | E1: Sigla Region | F1: Numero Region
A2: Aysén | C2: Aysén | D2: Aysén del General Carlos Ibáñez del Campo
A3: Cisnes | C3: Aysén | D3: Aysén del General Carlos Ibáñez del Campo
A4: Guaitecas | C4: Aysén | D4: Aysén del General Carlos Ibáñez del Campo
A5: Cochrane | C5: Capitán Prat | D5: Aysén del General Carlos Ibáñez del Campo
A6: O'Higgins | C6: Capitán Prat | D6: Aysén del General Carlos Ibáñez del Campo
A7: Tortel | C7: Capitán Prat | D7: Aysén del General Carlos Ibáñez del Campo
A8: Coyhaique | C8: Coyhaique | D8: Aysén del General Carlos Ibáñez del Campo
A9: Lago Verde | C9: Coyhaique | D9: Aysén del General Carlos Ibáñez del Campo
A10: Chile Chico | C10: General Carrera | D10: Aysén del General Carlos Ibáñez del Campo
A11: Río Ibáñez | C11: General Carrera | D11: Aysén del General Carlos Ibáñez del Campo
A12: Antofagasta | C12: Antofagasta | D12: Bandera de la Región de Antofagasta Antofagasta
A13: Mejillones | C13: Antofagasta | D13: Bandera de la Región de Antofagasta Antofagasta
... A347: Peñaflor | C347: Talagante | D347: Bandera de la Región Metropolitana de Santiago Metropolitana de Santiago

Sheet Region
A1: id | C1: nombre | D1: sigla
A2: 1 | B2: 1 | C2: Arica y Parinacota | D2: XV | E2: ="INSERT INTO `regiones` (`id`, `nombre`, `sigla`, `created_at`, `updated_at`) VALUES ("&B2&", '"&C2&"', '"&D2&"', CURRENT_DATE(), '');" -> INSERT INTO `regiones` (`id`, `nombre`, `sigla`, `created_at`, `updated_at`) VALUES (1, 'Arica y Parinacota', 'XV', CURRENT_DATE(), ''); | F2: ="UPDATE regiones SET nombre= '"&SUBSTITUTE(C2,"'","\'")&"',sigla='"&D2&"' WHERE id = "&B2&";" -> UPDATE regiones SET nombre= 'Arica y Parinacota',sigla='XV' WHERE id = 1;
A3: 2 | B3: 2 | C3: Tarapacá | D3: I | E3: ="INSERT INTO `regiones` (`id`, `nombre`, `sigla`, `created_at`, `updated_at`) VALUES ("&B3&", '"&C3&"', '"&D3&"', CURRENT_DATE(), '');" -> INSERT INTO `regiones` (`id`, `nombre`, `sigla`, `created_at`, `updated_at`) VALUES (2, 'Tarapacá', 'I', CURRENT_DATE(), ''); | F3: ="UPDATE regiones SET nombre= '"&SUBSTITUTE(C3,"'","\'")&"',sigla='"&D3&"' WHERE id = "&B3&";" -> UPDATE regiones SET nombre= 'Tarapacá',sigla='I' WHERE id = 2;
A4: 3 | B4: 3 | C4: Antofagasta | D4: II | E4: ="INSERT INTO `regiones` (`id`, `nombre`, `sigla`, `created_at`, `updated_at`) VALUES ("&B4&", '"&C4&"', '"&D4&"', CURRENT_DATE(), '');" -> INSERT INTO `regiones` (`id`, `nombre`, `sigla`, `created_at`, `updated_at`) VALUES (3, 'Antofagasta', 'II', CURRENT_DATE(), ''); | F4: ="UPDATE regiones SET nombre= '"&SUBSTITUTE(C4,"'","\'")&"',sigla='"&D4&"' WHERE id = "&B4&";" -> UPDATE regiones SET nombre= 'Antofagasta',sigla='II' WHERE id = 3;
A5: 4 | B5: 4 | C5: Atacama | D5: III | E5: ="INSERT INTO `regiones` (`id`, `nombre`, `sigla`, `created_at`, `updated_at`) VALUES ("&B5&", '"&C5&"', '"&D5&"', CURRENT_DATE(), '');" -> INSERT INTO `regiones` (`id`, `nombre`, `sigla`, `created_at`, `updated_at`) VALUES (4, 'Atacama', 'III', CURRENT_DATE(), ''); | F5: ="UPDATE regiones SET nombre= '"&SUBSTITUTE(C5,"'","\'")&"',sigla='"&D5&"' WHERE id = "&B5&";" -> UPDATE regiones SET nombre= 'Atacama',sigla='III' WHERE id = 4;
A6: 5 | B6: 5 | C6: Coquimbo | D6: IV | E6: ="INSERT INTO `regiones` (`id`, `nombre`, `sigla`, `created_at`, `updated_at`) VALUES ("&B6&", '"&C6&"', '"&D6&"', CURRENT_DATE(), '');" -> INSERT INTO `regiones` (`id`, `nombre`, `sigla`, `created_at`, `updated_at`) VALUES (5, 'Coquimbo', 'IV', CURRENT_DATE(), ''); | F6: ="UPDATE regiones SET nombre= '"&SUBSTITUTE(C6,"'","\'")&"',sigla='"&D6&"' WHERE id = "&B6&";" -> UPDATE regiones SET nombre= 'Coquimbo',sigla='IV' WHERE id = 5;
A7: 6 | B7: 6 | C7: Valparaiso | D7: V | E7: ="INSERT INTO `regiones` (`id`, `nombre`, `sigla`, `created_at`, `updated_at`) VALUES ("&B7&", '"&C7&"', '"&D7&"', CURRENT_DATE(), '');" -> INSERT INTO `regiones` (`id`, `nombre`, `sigla`, `created_at`, `updated_at`) VALUES (6, 'Valparaiso', 'V', CURRENT_DATE(), ''); | F7: ="UPDATE regiones SET nombre= '"&SUBSTITUTE(C7,"'","\'")&"',sigla='"&D7&"' WHERE id = "&B7&";" -> UPDATE regiones SET nombre= 'Valparaiso',sigla='V' WHERE id = 6;
A8: 7 | B8: 7 | C8: Metropolitana de Santiago | D8: RM | E8: ="INSERT INTO `regiones` (`id`, `nombre`, `sigla`, `created_at`, `updated_at`) VALUES ("&B8&", '"&C8&"', '"&D8&"', CURRENT_DATE(), '');" -> INSERT INTO `regiones` (`id`, `nombre`, `sigla`, `created_at`, `updated_at`) VALUES (7, 'Metropolitana de Santiago', 'RM', CURRENT_DATE(), ''); | F8: ="UPDATE regiones SET nombre= '"&SUBSTITUTE(C8,"'","\'")&"',sigla='"&D8&"' WHERE id = "&B8&";" -> UPDATE regiones SET nombre= 'Metropolitana de Santiago',sigla='RM' WHERE id = 7;
A9: 8 | B9: 8 | C9: Libertador General Bernardo O'Higgins | D9: VI | E9: ="INSERT INTO `regiones` (`id`, `nombre`, `sigla`, `created_at`, `updated_at`) VALUES ("&B9&", '"&C9&"', '"&D9&"', CURRENT_DATE(), '');" -> INSERT INTO `regiones` (`id`, `nombre`, `sigla`, `created_at`, `updated_at`) VALUES (8, 'Libertador General Bernardo O'Higgins', 'VI', CURRENT_DATE(), ''); | F9: ="UPDATE regiones SET nombre= '"&SUBSTITUTE(C9,"'","\'")&"',sigla='"&D9&"' WHERE id = "&B9&";" -> UPDATE regiones SET nombre= 'Libertador General Bernardo O\'Higgins',sigla='VI' WHERE id = 8;
A10: 9 | B10: 9 | C10: Maule | D10: VII | E10: ="INSERT INTO `regiones` (`id`, `nombre`, `sigla`, `created_at`, `updated_at`) VALUES ("&B10&", '"&C10&"', '"&D10&"', CURRENT_DATE(), '');" -> INSERT INTO `regiones` (`id`, `nombre`, `sigla`, `created_at`, `updated_at`) VALUES (9, 'Maule', 'VII', CURRENT_DATE(), ''); | F10: ="UPDATE regiones SET nombre= '"&SUBSTITUTE(C10,"'","\'")&"',sigla='"&D10&"' WHERE id = "&B10&";" -> UPDATE regiones SET nombre= 'Maule',sigla='VII' WHERE id = 9;
A11: 16 | B11: 10 | C11: Ñuble | D11: XVI | E11: ="INSERT INTO `regiones` (`id`, `nombre`, `sigla`, `created_at`, `updated_at`) VALUES ("&B11&", '"&C11&"', '"&D11&"', CURRENT_DATE(), '');" -> INSERT INTO `regiones` (`id`, `nombre`, `sigla`, `created_at`, `updated_at`) VALUES (10, 'Ñuble', 'XVI', CURRENT_DATE(), ''); | F11: ="UPDATE regiones SET nombre= '"&SUBSTITUTE(C11,"'","\'")&"',sigla='"&D11&"' WHERE id = "&B11&";" -> UPDATE regiones SET nombre= 'Ñuble',sigla='XVI' WHERE id = 10;
A12: 10 | B12: 11 | C12: Biobío | D12: VIII | E12: ="INSERT INTO `regiones` (`id`, `nombre`, `sigla`, `created_at`, `updated_at`) VALUES ("&B12&", '"&C12&"', '"&D12&"', CURRENT_DATE(), '');" -> INSERT INTO `regiones` (`id`, `nombre`, `sigla`, `created_at`, `updated_at`) VALUES (11, 'Biobío', 'VIII', CURRENT_DATE(), ''); | F12: ="UPDATE regiones SET nombre= '"&SUBSTITUTE(C12,"'","\'")&"',sigla='"&D12&"' WHERE id = "&B12&";" -> UPDATE regiones SET nombre= 'Biobío',sigla='VIII' WHERE id = 11;
A13: 11 | B13: 12 | C13: La Araucanía | D13: IX | E13: ="INSERT INTO `regiones` (`id`, `nombre`, `sigla`, `created_at`, `updated_at`) VALUES ("&B13&", '"&C13&"', '"&D13&"', CURRENT_DATE(), '');" -> INSERT INTO `regiones` (`id`, `nombre`, `sigla`, `created_at`, `updated_at`) VALUES (12, 'La Araucanía', 'IX', CURRENT_DATE(), ''); | F13: ="UPDATE regiones SET nombre= '"&SUBSTITUTE(C13,"'","\'")&"',sigla='"&D13&"' WHERE id = "&B13&";" -> UPDATE regiones SET nombre= 'La Araucanía',sigla='IX' WHERE id = 12;
... A17: 15 | B17: 16 | C17: Magallanes y de la Antártica Chilena | D17: XII | E17: ="INSERT INTO `regiones` (`id`, `nombre`, `sigla`, `created_at`, `updated_at`) VALUES ("&B17&", '"&C17&"', '"&D17&"', CURRENT_DATE(), '');" -> INSERT INTO `regiones` (`id`, `nombre`, `sigla`, `created_at`, `updated_at`) VALUES (16, 'Magallanes y de la Antártica Chilena', 'XII', CURRENT_DATE(), ''); | F17: ="UPDATE regiones SET nombre= '"&SUBSTITUTE(C17,"'","\'")&"',sigla='"&D17&"' WHERE id = "&B17&";" -> UPDATE regiones SET nombre= 'Magallanes y de la Antártica Chilena',sigla='XII' WHERE id = 16;

Sheet Ciudades
A1: id | B1: nombre | C1: id_region
A2: 1 | B2: Arica | C2: 1 | D2: =LOOKUP(C2,Region!$A$2:$A$17,Region!$B$2:$B$17) -> 1 | E2: ="INSERT INTO `ciudades` (`id`, `nombre`, `id_region`) VALUES (NULL, '"&B2&"', '"&D2&"');" -> INSERT INTO `ciudades` (`id`, `nombre`, `id_region`) VALUES (NULL, 'Arica', '1'); | F2: ="UPDATE `ciudades` SET `nombre` = '"&SUBSTITUTE(B2,"'","\'")&"', id_region='"&D2&"' WHERE `ciudades`.`id` = "&A2&";" -> UPDATE `ciudades` SET `nombre` = 'Arica', id_region='1' WHERE `ciudades`.`id` = 1;
A3: 2 | B3: Camarones | C3: 1 | D3: =LOOKUP(C3,Region!$A$2:$A$17,Region!$B$2:$B$17) -> 1 | E3: ="INSERT INTO `ciudades` (`id`, `nombre`, `id_region`) VALUES (NULL, '"&B3&"', '"&D3&"');" -> INSERT INTO `ciudades` (`id`, `nombre`, `id_region`) VALUES (NULL, 'Camarones', '1'); | F3: ="UPDATE `ciudades` SET `nombre` = '"&SUBSTITUTE(B3,"'","\'")&"', id_region='"&D3&"' WHERE `ciudades`.`id` = "&A3&";" -> UPDATE `ciudades` SET `nombre` = 'Camarones', id_region='1' WHERE `ciudades`.`id` = 2;
A4: 3 | B4: General Lagos | C4: 1 | D4: =LOOKUP(C4,Region!$A$2:$A$17,Region!$B$2:$B$17) -> 1 | E4: ="INSERT INTO `ciudades` (`id`, `nombre`, `id_region`) VALUES (NULL, '"&B4&"', '"&D4&"');" -> INSERT INTO `ciudades` (`id`, `nombre`, `id_region`) VALUES (NULL, 'General Lagos', '1'); | F4: ="UPDATE `ciudades` SET `nombre` = '"&SUBSTITUTE(B4,"'","\'")&"', id_region='"&D4&"' WHERE `ciudades`.`id` = "&A4&";" -> UPDATE `ciudades` SET `nombre` = 'General Lagos', id_region='1' WHERE `ciudades`.`id` = 3;
A5: 4 | B5: Putre | C5: 1 | D5: =LOOKUP(C5,Region!$A$2:$A$17,Region!$B$2:$B$17) -> 1 | E5: ="INSERT INTO `ciudades` (`id`, `nombre`, `id_region`) VALUES (NULL, '"&B5&"', '"&D5&"');" -> INSERT INTO `ciudades` (`id`, `nombre`, `id_region`) VALUES (NULL, 'Putre', '1'); | F5: ="UPDATE `ciudades` SET `nombre` = '"&SUBSTITUTE(B5,"'","\'")&"', id_region='"&D5&"' WHERE `ciudades`.`id` = "&A5&";" -> UPDATE `ciudades` SET `nombre` = 'Putre', id_region='1' WHERE `ciudades`.`id` = 4;
A6: 5 | B6: Alto Hospicio | C6: 2 | D6: =LOOKUP(C6,Region!$A$2:$A$17,Region!$B$2:$B$17) -> 2 | E6: ="INSERT INTO `ciudades` (`id`, `nombre`, `id_region`) VALUES (NULL, '"&B6&"', '"&D6&"');" -> INSERT INTO `ciudades` (`id`, `nombre`, `id_region`) VALUES (NULL, 'Alto Hospicio', '2'); | F6: ="UPDATE `ciudades` SET `nombre` = '"&SUBSTITUTE(B6,"'","\'")&"', id_region='"&D6&"' WHERE `ciudades`.`id` = "&A6&";" -> UPDATE `ciudades` SET `nombre` = 'Alto Hospicio', id_region='2' WHERE `ciudades`.`id` = 5;
A7: 6 | B7: Iquique | C7: 2 | D7: =LOOKUP(C7,Region!$A$2:$A$17,Region!$B$2:$B$17) -> 2 | E7: ="INSERT INTO `ciudades` (`id`, `nombre`, `id_region`) VALUES (NULL, '"&B7&"', '"&D7&"');" -> INSERT INTO `ciudades` (`id`, `nombre`, `id_region`) VALUES (NULL, 'Iquique', '2'); | F7: ="UPDATE `ciudades` SET `nombre` = '"&SUBSTITUTE(B7,"'","\'")&"', id_region='"&D7&"' WHERE `ciudades`.`id` = "&A7&";" -> UPDATE `ciudades` SET `nombre` = 'Iquique', id_region='2' WHERE `ciudades`.`id` = 6;
A8: 7 | B8: Camiña | C8: 2 | D8: =LOOKUP(C8,Region!$A$2:$A$17,Region!$B$2:$B$17) -> 2 | E8: ="INSERT INTO `ciudades` (`id`, `nombre`, `id_region`) VALUES (NULL, '"&B8&"', '"&D8&"');" -> INSERT INTO `ciudades` (`id`, `nombre`, `id_region`) VALUES (NULL, 'Camiña', '2'); | F8: ="UPDATE `ciudades` SET `nombre` = '"&SUBSTITUTE(B8,"'","\'")&"', id_region='"&D8&"' WHERE `ciudades`.`id` = "&A8&";" -> UPDATE `ciudades` SET `nombre` = 'Camiña', id_region='2' WHERE `ciudades`.`id` = 7;
A9: 8 | B9: Colchane | C9: 2 | D9: =LOOKUP(C9,Region!$A$2:$A$17,Region!$B$2:$B$17) -> 2 | E9: ="INSERT INTO `ciudades` (`id`, `nombre`, `id_region`) VALUES (NULL, '"&B9&"', '"&D9&"');" -> INSERT INTO `ciudades` (`id`, `nombre`, `id_region`) VALUES (NULL, 'Colchane', '2'); | F9: ="UPDATE `ciudades` SET `nombre` = '"&SUBSTITUTE(B9,"'","\'")&"', id_region='"&D9&"' WHERE `ciudades`.`id` = "&A9&";" -> UPDATE `ciudades` SET `nombre` = 'Colchane', id_region='2' WHERE `ciudades`.`id` = 8;
A10: 9 | B10: Huara | C10: 2 | D10: =LOOKUP(C10,Region!$A$2:$A$17,Region!$B$2:$B$17) -> 2 | E10: ="INSERT INTO `ciudades` (`id`, `nombre`, `id_region`) VALUES (NULL, '"&B10&"', '"&D10&"');" -> INSERT INTO `ciudades` (`id`, `nombre`, `id_region`) VALUES (NULL, 'Huara', '2'); | F10: ="UPDATE `ciudades` SET `nombre` = '"&SUBSTITUTE(B10,"'","\'")&"', id_region='"&D10&"' WHERE `ciudades`.`id` = "&A10&";" -> UPDATE `ciudades` SET `nombre` = 'Huara', id_region='2' WHERE `ciudades`.`id` = 9;
A11: 10 | B11: Pica | C11: 2 | D11: =LOOKUP(C11,Region!$A$2:$A$17,Region!$B$2:$B$17) -> 2 | E11: ="INSERT INTO `ciudades` (`id`, `nombre`, `id_region`) VALUES (NULL, '"&B11&"', '"&D11&"');" -> INSERT INTO `ciudades` (`id`, `nombre`, `id_region`) VALUES (NULL, 'Pica', '2'); | F11: ="UPDATE `ciudades` SET `nombre` = '"&SUBSTITUTE(B11,"'","\'")&"', id_region='"&D11&"' WHERE `ciudades`.`id` = "&A11&";" -> UPDATE `ciudades` SET `nombre` = 'Pica', id_region='2' WHERE `ciudades`.`id` = 10;
A12: 11 | B12: Pozo Almonte | C12: 2 | D12: =LOOKUP(C12,Region!$A$2:$A$17,Region!$B$2:$B$17) -> 2 | E12: ="INSERT INTO `ciudades` (`id`, `nombre`, `id_region`) VALUES (NULL, '"&B12&"', '"&D12&"');" -> INSERT INTO `ciudades` (`id`, `nombre`, `id_region`) VALUES (NULL, 'Pozo Almonte', '2'); | F12: ="UPDATE `ciudades` SET `nombre` = '"&SUBSTITUTE(B12,"'","\'")&"', id_region='"&D12&"' WHERE `ciudades`.`id` = "&A12&";" -> UPDATE `ciudades` SET `nombre` = 'Pozo Almonte', id_region='2' WHERE `ciudades`.`id` = 11;
A13: 12 | B13: Antofagasta | C13: 3 | D13: =LOOKUP(C13,Region!$A$2:$A$17,Region!$B$2:$B$17) -> 3 | E13: ="INSERT INTO `ciudades` (`id`, `nombre`, `id_region`) VALUES (NULL, '"&B13&"', '"&D13&"');" -> INSERT INTO `ciudades` (`id`, `nombre`, `id_region`) VALUES (NULL, 'Antofagasta', '3'); | F13: ="UPDATE `ciudades` SET `nombre` = '"&SUBSTITUTE(B13,"'","\'")&"', id_region='"&D13&"' WHERE `ciudades`.`id` = "&A13&";" -> UPDATE `ciudades` SET `nombre` = 'Antofagasta', id_region='3' WHERE `ciudades`.`id` = 12;
... A197: 196 | B197: Talca | C197: 9 | D197: =LOOKUP(C197,Region!$A$2:$A$17,Region!$B$2:$B$17) -> 9 | E197: ="INSERT INTO `ciudades` (`id`, `nombre`, `id_region`) VALUES (NULL, '"&B197&"', '"&D197&"');" -> INSERT INTO `ciudades` (`id`, `nombre`, `id_region`) VALUES (NULL, 'Talca', '9'); | F197: ="UPDATE `ciudades` SET `nombre` = '"&SUBSTITUTE(B197,"'","\'")&"', id_region='"&D197&"' WHERE `ciudades`.`id` = "&A197&";" -> UPDATE `ciudades` SET `nombre` = 'Talca', id_region='9' WHERE `ciudades`.`id` = 196;
A198: 197 | B198: Arauco | C198: 10 | D198: 11 | E198: ="INSERT INTO `ciudades` (`id`, `nombre`, `id_region`) VALUES (NULL, '"&B198&"', '"&D198&"');" -> INSERT INTO `ciudades` (`id`, `nombre`, `id_region`) VALUES (NULL, 'Arauco', '11'); | F198: ="UPDATE `ciudades` SET `nombre` = '"&SUBSTITUTE(B198,"'","\'")&"', id_region='"&D198&"' WHERE `ciudades`.`id` = "&A198&";" -> UPDATE `ciudades` SET `nombre` = 'Arauco', id_region='11' WHERE `ciudades`.`id` = 197;
A199: 198 | B199: Cañete | C199: 10 | D199: 11 | E199: ="INSERT INTO `ciudades` (`id`, `nombre`, `id_region`) VALUES (NULL, '"&B199&"', '"&D199&"');" -> INSERT INTO `ciudades` (`id`, `nombre`, `id_region`) VALUES (NULL, 'Cañete', '11'); | F199: ="UPDATE `ciudades` SET `nombre` = '"&SUBSTITUTE(B199,"'","\'")&"', id_region='"&D199&"' WHERE `ciudades`.`id` = "&A199&";" -> UPDATE `ciudades` SET `nombre` = 'Cañete', id_region='11' WHERE `ciudades`.`id` = 198;
A200: 199 | B200: Contulmo | C200: 10 | D200: 11 | E200: ="INSERT INTO `ciudades` (`id`, `nombre`, `id_region`) VALUES (NULL, '"&B200&"', '"&D200&"');" -> INSERT INTO `ciudades` (`id`, `nombre`, `id_region`) VALUES (NULL, 'Contulmo', '11'); | F200: ="UPDATE `ciudades` SET `nombre` = '"&SUBSTITUTE(B200,"'","\'")&"', id_region='"&D200&"' WHERE `ciudades`.`id` = "&A200&";" -> UPDATE `ciudades` SET `nombre` = 'Contulmo', id_region='11' WHERE `ciudades`.`id` = 199;
A201: 200 | B201: Curanilahue | C201: 10 | D201: 11 | E201: ="INSERT INTO `ciudades` (`id`, `nombre`, `id_region`) VALUES (NULL, '"&B201&"', '"&D201&"');" -> INSERT INTO `ciudades` (`id`, `nombre`, `id_region`) VALUES (NULL, 'Curanilahue', '11'); | F201: ="UPDATE `ciudades` SET `nombre` = '"&SUBSTITUTE(B201,"'","\'")&"', id_region='"&D201&"' WHERE `ciudades`.`id` = "&A201&";" -> UPDATE `ciudades` SET `nombre` = 'Curanilahue', id_region='11' WHERE `ciudades`.`id` = 200;
A202: 201 | B202: Lebu | C202: 10 | D202: 11 | E202: ="INSERT INTO `ciudades` (`id`, `nombre`, `id_region`) VALUES (NULL, '"&B202&"', '"&D202&"');" -> INSERT INTO `ciudades` (`id`, `nombre`, `id_region`) VALUES (NULL, 'Lebu', '11'); | F202: ="UPDATE `ciudades` SET `nombre` = '"&SUBSTITUTE(B202,"'","\'")&"', id_region='"&D202&"' WHERE `ciudades`.`id` = "&A202&";" -> UPDATE `ciudades` SET `nombre` = 'Lebu', id_region='11' WHERE `ciudades`.`id` = 201;
A203: 202 | B203: Los Álamos | C203: 10 | D203: 11 | E203: ="INSERT INTO `ciudades` (`id`, `nombre`, `id_region`) VALUES (NULL, '"&B203&"', '"&D203&"');" -> INSERT INTO `ciudades` (`id`, `nombre`, `id_region`) VALUES (NULL, 'Los Álamos', '11'); | F203: ="UPDATE `ciudades` SET `nombre` = '"&SUBSTITUTE(B203,"'","\'")&"', id_region='"&D203&"' WHERE `ciudades`.`id` = "&A203&";" -> UPDATE `ciudades` SET `nombre` = 'Los Álamos', id_region='11' WHERE `ciudades`.`id` = 202;
A204: 203 | B204: Tirúa | C204: 10 | D204: 11 | E204: ="INSERT INTO `ciudades` (`id`, `nombre`, `id_region`) VALUES (NULL, '"&B204&"', '"&D204&"');" -> INSERT INTO `ciudades` (`id`, `nombre`, `id_region`) VALUES (NULL, 'Tirúa', '11'); | F204: ="UPDATE `ciudades` SET `nombre` = '"&SUBSTITUTE(B204,"'","\'")&"', id_region='"&D204&"' WHERE `ciudades`.`id` = "&A204&";" -> UPDATE `ciudades` SET `nombre` = 'Tirúa', id_region='11' WHERE `ciudades`.`id` = 203;
A205: 204 | B205: Alto Biobío | C205: 10 | D205: 11 | E205: ="INSERT INTO `ciudades` (`id`, `nombre`, `id_region`) VALUES (NULL, '"&B205&"', '"&D205&"');" -> INSERT INTO `ciudades` (`id`, `nombre`, `id_region`) VALUES (NULL, 'Alto Biobío', '11'); | F205: ="UPDATE `ciudades` SET `nombre` = '"&SUBSTITUTE(B205,"'","\'")&"', id_region='"&D205&"' WHERE `ciudades`.`id` = "&A205&";" -> UPDATE `ciudades` SET `nombre` = 'Alto Biobío', id_region='11' WHERE `ciudades`.`id` = 204;
A206: 205 | B206: Antuco | C206: 10 | D206: 11 | E206: ="INSERT INTO `ciudades` (`id`, `nombre`, `id_region`) VALUES (NULL, '"&B206&"', '"&D206&"');" -> INSERT INTO `ciudades` (`id`, `nombre`, `id_region`) VALUES (NULL, 'Antuco', '11'); | F206: ="UPDATE `ciudades` SET `nombre` = '"&SUBSTITUTE(B206,"'","\'")&"', id_region='"&D206&"' WHERE `ciudades`.`id` = "&A206&";" -> UPDATE `ciudades` SET `nombre` = 'Antuco', id_region='11' WHERE `ciudades`.`id` = 205;
A207: 206 | B207: Cabrero | C207: 10 | D207: 11 | E207: ="INSERT INTO `ciudades` (`id`, `nombre`, `id_region`) VALUES (NULL, '"&B207&"', '"&D207&"');" -> INSERT INTO `ciudades` (`id`, `nombre`, `id_region`) VALUES (NULL, 'Cabrero', '11'); | F207: ="UPDATE `ciudades` SET `nombre` = '"&SUBSTITUTE(B207,"'","\'")&"', id_region='"&D207&"' WHERE `ciudades`.`id` = "&A207&";" -> UPDATE `ciudades` SET `nombre` = 'Cabrero', id_region='11' WHERE `ciudades`.`id` = 206;
A208: 207 | B208: Laja | C208: 10 | D208: 11 | E208: ="INSERT INTO `ciudades` (`id`, `nombre`, `id_region`) VALUES (NULL, '"&B208&"', '"&D208&"');" -> INSERT INTO `ciudades` (`id`, `nombre`, `id_region`) VALUES (NULL, 'Laja', '11'); | F208: ="UPDATE `ciudades` SET `nombre` = '"&SUBSTITUTE(B208,"'","\'")&"', id_region='"&D208&"' WHERE `ciudades`.`id` = "&A208&";" -> UPDATE `ciudades` SET `nombre` = 'Laja', id_region='11' WHERE `ciudades`.`id` = 207;
A209: 208 | B209: Los Ángeles | C209: 10 | D209: 11 | E209: ="INSERT INTO `ciudades` (`id`, `nombre`, `id_region`) VALUES (NULL, '"&B209&"', '"&D209&"');" -> INSERT INTO `ciudades` (`id`, `nombre`, `id_region`) VALUES (NULL, 'Los Ángeles', '11'); | F209: ="UPDATE `ciudades` SET `nombre` = '"&SUBSTITUTE(B209,"'","\'")&"', id_region='"&D209&"' WHERE `ciudades`.`id` = "&A209&";" -> UPDATE `ciudades` SET `nombre` = 'Los Ángeles', id_region='11' WHERE `ciudades`.`id` = 208;
... A251: 250 | B251: Yungay | C251: 10 | D251: 10 | E251: ="INSERT INTO `ciudades` (`id`, `nombre`, `id_region`) VALUES (NULL, '"&B251&"', '"&D251&"');" -> INSERT INTO `ciudades` (`id`, `nombre`, `id_region`) VALUES (NULL, 'Yungay', '10'); | F251: ="UPDATE `ciudades` SET `nombre` = '"&SUBSTITUTE(B251,"'","\'")&"', id_region='"&D251&"' WHERE `ciudades`.`id` = "&A251&";" -> UPDATE `ciudades` SET `nombre` = 'Yungay', id_region='10' WHERE `ciudades`.`id` = 250;
A252: 251 | B252: Carahue | C252: 11 | D252: =LOOKUP(C252,Region!$A$2:$A$17,Region!$B$2:$B$17) -> 12 | E252: ="INSERT INTO `ciudades` (`id`, `nombre`, `id_region`) VALUES (NULL, '"&B252&"', '"&D252&"');" -> INSERT INTO `ciudades` (`id`, `nombre`, `id_region`) VALUES (NULL, 'Carahue', '12'); | F252: ="UPDATE `ciudades` SET `nombre` = '"&SUBSTITUTE(B252,"'","\'")&"', id_region='"&D252&"' WHERE `ciudades`.`id` = "&A252&";" -> UPDATE `ciudades` SET `nombre` = 'Carahue', id_region='12' WHERE `ciudades`.`id` = 251;
A253: 252 | B253: Cholchol | C253: 11 | D253: =LOOKUP(C253,Region!$A$2:$A$17,Region!$B$2:$B$17) -> 12 | E253: ="INSERT INTO `ciudades` (`id`, `nombre`, `id_region`) VALUES (NULL, '"&B253&"', '"&D253&"');" -> INSERT INTO `ciudades` (`id`, `nombre`, `id_region`) VALUES (NULL, 'Cholchol', '12'); | F253: ="UPDATE `ciudades` SET `nombre` = '"&SUBSTITUTE(B253,"'","\'")&"', id_region='"&D253&"' WHERE `ciudades`.`id` = "&A253&";" -> UPDATE `ciudades` SET `nombre` = 'Cholchol', id_region='12' WHERE `ciudades`.`id` = 252;
A254: 253 | B254: Cunco | C254: 11 | D254: =LOOKUP(C254,Region!$A$2:$A$17,Region!$B$2:$B$17) -> 12 | E254: ="INSERT INTO `ciudades` (`id`, `nombre`, `id_region`) VALUES (NULL, '"&B254&"', '"&D254&"');" -> INSERT INTO `ciudades` (`id`, `nombre`, `id_region`) VALUES (NULL, 'Cunco', '12'); | F254: ="UPDATE `ciudades` SET `nombre` = '"&SUBSTITUTE(B254,"'","\'")&"', id_region='"&D254&"' WHERE `ciudades`.`id` = "&A254&";" -> UPDATE `ciudades` SET `nombre` = 'Cunco', id_region='12' WHERE `ciudades`.`id` = 253;
A255: 254 | B255: Curarrehue | C255: 11 | D255: =LOOKUP(C255,Region!$A$2:$A$17,Region!$B$2:$B$17) -> 12 | E255: ="INSERT INTO `ciudades` (`id`, `nombre`, `id_region`) VALUES (NULL, '"&B255&"', '"&D255&"');" -> INSERT INTO `ciudades` (`id`, `nombre`, `id_region`) VALUES (NULL, 'Curarrehue', '12'); | F255: ="UPDATE `ciudades` SET `nombre` = '"&SUBSTITUTE(B255,"'","\'")&"', id_region='"&D255&"' WHERE `ciudades`.`id` = "&A255&";" -> UPDATE `ciudades` SET `nombre` = 'Curarrehue', id_region='12' WHERE `ciudades`.`id` = 254;
A256: 255 | B256: Freire | C256: 11 | D256: =LOOKUP(C256,Region!$A$2:$A$17,Region!$B$2:$B$17) -> 12 | E256: ="INSERT INTO `ciudades` (`id`, `nombre`, `id_region`) VALUES (NULL, '"&B256&"', '"&D256&"');" -> INSERT INTO `ciudades` (`id`, `nombre`, `id_region`) VALUES (NULL, 'Freire', '12'); | F256: ="UPDATE `ciudades` SET `nombre` = '"&SUBSTITUTE(B256,"'","\'")&"', id_region='"&D256&"' WHERE `ciudades`.`id` = "&A256&";" -> UPDATE `ciudades` SET `nombre` = 'Freire', id_region='12' WHERE `ciudades`.`id` = 255;
A257: 256 | B257: Galvarino | C257: 11 | D257: =LOOKUP(C257,Region!$A$2:$A$17,Region!$B$2:$B$17) -> 12 | E257: ="INSERT INTO `ciudades` (`id`, `nombre`, `id_region`) VALUES (NULL, '"&B257&"', '"&D257&"');" -> INSERT INTO `ciudades` (`id`, `nombre`, `id_region`) VALUES (NULL, 'Galvarino', '12'); | F257: ="UPDATE `ciudades` SET `nombre` = '"&SUBSTITUTE(B257,"'","\'")&"', id_region='"&D257&"' WHERE `ciudades`.`id` = "&A257&";" -> UPDATE `ciudades` SET `nombre` = 'Galvarino', id_region='12' WHERE `ciudades`.`id` = 256;
A258: 257 | B258: Gorbea | C258: 11 | D258: =LOOKUP(C258,Region!$A$2:$A$17,Region!$B$2:$B$17) -> 12 | E258: ="INSERT INTO `ciudades` (`id`, `nombre`, `id_region`) VALUES (NULL, '"&B258&"', '"&D258&"');" -> INSERT INTO `ciudades` (`id`, `nombre`, `id_region`) VALUES (NULL, 'Gorbea', '12'); | F258: ="UPDATE `ciudades` SET `nombre` = '"&SUBSTITUTE(B258,"'","\'")&"', id_region='"&D258&"' WHERE `ciudades`.`id` = "&A258&";" -> UPDATE `ciudades` SET `nombre` = 'Gorbea', id_region='12' WHERE `ciudades`.`id` = 257;
A259: 258 | B259: Lautaro | C259: 11 | D259: =LOOKUP(C259,Region!$A$2:$A$17,Region!$B$2:$B$17) -> 12 | E259: ="INSERT INTO `ciudades` (`id`, `nombre`, `id_region`) VALUES (NULL, '"&B259&"', '"&D259&"');" -> INSERT INTO `ciudades` (`id`, `nombre`, `id_region`) VALUES (NULL, 'Lautaro', '12'); | F259: ="UPDATE `ciudades` SET `nombre` = '"&SUBSTITUTE(B259,"'","\'")&"', id_region='"&D259&"' WHERE `ciudades`.`id` = "&A259&";" -> UPDATE `ciudades` SET `nombre` = 'Lautaro', id_region='12' WHERE `ciudades`.`id` = 258;
A260: 259 | B260: Loncoche | C260: 11 | D260: =LOOKUP(C260,Region!$A$2:$A$17,Region!$B$2:$B$17) -> 12 | E260: ="INSERT INTO `ciudades` (`id`, `nombre`, `id_region`) VALUES (NULL, '"&B260&"', '"&D260&"');" -> INSERT INTO `ciudades` (`id`, `nombre`, `id_region`) VALUES (NULL, 'Loncoche', '12'); | F260: ="UPDATE `ciudades` SET `nombre` = '"&SUBSTITUTE(B260,"'","\'")&"', id_region='"&D260&"' WHERE `ciudades`.`id` = "&A260&";" -> UPDATE `ciudades` SET `nombre` = 'Loncoche', id_region='12' WHERE `ciudades`.`id` = 259;
A261: 260 | B261: Melipeuco | C261: 11 | D261: =LOOKUP(C261,Region!$A$2:$A$17,Region!$B$2:$B$17) -> 12 | E261: ="INSERT INTO `ciudades` (`id`, `nombre`, `id_region`) VALUES (NULL, '"&B261&"', '"&D261&"');" -> INSERT INTO `ciudades` (`id`, `nombre`, `id_region`) VALUES (NULL, 'Melipeuco', '12'); | F261: ="UPDATE `ciudades` SET `nombre` = '"&SUBSTITUTE(B261,"'","\'")&"', id_region='"&D261&"' WHERE `ciudades`.`id` = "&A261&";" -> UPDATE `ciudades` SET `nombre` = 'Melipeuco', id_region='12' WHERE `ciudades`.`id` = 260;
A262: 261 | B262: Nueva Imperial | C262: 11 | D262: =LOOKUP(C262,Region!$A$2:$A$17,Region!$B$2:$B$17) -> 12 | E262: ="INSERT INTO `ciudades` (`id`, `nombre`, `id_region`) VALUES (NULL, '"&B262&"', '"&D262&"');" -> INSERT INTO `ciudades` (`id`, `nombre`, `id_region`) VALUES (NULL, 'Nueva Imperial', '12'); | F262: ="UPDATE `ciudades` SET `nombre` = '"&SUBSTITUTE(B262,"'","\'")&"', id_region='"&D262&"' WHERE `ciudades`.`id` = "&A262&";" -> UPDATE `ciudades` SET `nombre` = 'Nueva Imperial', id_region='12' WHERE `ciudades`.`id` = 261;
A263: 262 | B263: Padre Las Casas | C263: 11 | D263: =LOOKUP(C263,Region!$A$2:$A$17,Region!$B$2:$B$17) -> 12 | E263: ="INSERT INTO `ciudades` (`id`, `nombre`, `id_region`) VALUES (NULL, '"&B263&"', '"&D263&"');" -> INSERT INTO `ciudades` (`id`, `nombre`, `id_region`) VALUES (NULL, 'Padre Las Casas', '12'); | F263: ="UPDATE `ciudades` SET `nombre` = '"&SUBSTITUTE(B263,"'","\'")&"', id_region='"&D263&"' WHERE `ciudades`.`id` = "&A263&";" -> UPDATE `ciudades` SET `nombre` = 'Padre Las Casas', id_region='12' WHERE `ciudades`.`id` = 262;
... A347: 346 | B347: Cabildo | C347: 6 | D347: =LOOKUP(C347,Region!$A$2:$A$17,Region!$B$2:$B$17) -> 6 | E347: ="INSERT INTO `ciudades` (`id`, `nombre`, `id_region`) VALUES (NULL, '"&B347&"', '"&D347&"');" -> INSERT INTO `ciudades` (`id`, `nombre`, `id_region`) VALUES (NULL, 'Cabildo', '6'); | F347: ="UPDATE `ciudades` SET `nombre` = '"&SUBSTITUTE(B347,"'","\'")&"', id_region='"&D347&"' WHERE `ciudades`.`id` = "&A347&";" -> UPDATE `ciudades` SET `nombre` = 'Cabildo', id_region='6' WHERE `ciudades`.`id` = 346;
